code_name,bullet,attribute,part
すきすきハートバズリウム,おねがい1だん,つうじょう,アクセ
すきすきハートバズリウム,おねがい1だん,つうじょう,ワンピース
すきすきハートバズリウム,おねがい1だん,つうじょう,シューズ
ゆめゆめスターバズリウム,おねがい1だん,つうじょう,アクセ
ゆめゆめスターバズリウム,おねがい1だん,つうじょう,ワンピース
ゆめゆめスターバズリウム,おねがい1だん,つうじょう,シューズ
ゆうじょうスイーツバズリウム,おねがい1だん,つうじょう,アクセ
ゆうじょうスイーツバズリウム,おねがい1だん,つうじょう,ワンピース
ゆうじょうスイーツバズリウム,おねがい1だん,つうじょう,シューズ
トキメキトゥインクルピンク,おねがい1だん,つうじょう,アクセ
トキメキトゥインクルピンク,おねがい1だん,つうじょう,ワンピース
トキメキトゥインクルピンク,おねがい1だん,つうじょう,シューズ
トキメキトゥインクルブルー,おねがい1だん,つうじょう,アクセ
トキメキトゥインクルブルー,おねがい1だん,つうじょう,ワンピース
トキメキトゥインクルブルー,おねがい1だん,つうじょう,シューズ
リボンアイドルピンク,おねがい1だん,つうじょう,アクセ
リボンアイドルピンク,おねがい1だん,つうじょう,ワンピース
リボンアイドルピンク,おねがい1だん,つうじょう,シューズ
リボンアイドルブルー,おねがい1だん,つうじょう,アクセ
リボンアイドルブルー,おねがい1だん,つうじょう,ワンピース
リボンアイドルブルー,おねがい1だん,つうじょう,シューズ
ふわふわキャット,おねがい1だん,つうじょう,アクセ
ふわふわキャット,おねがい1だん,つうじょう,ワンピース
ふわふわキャット,おねがい1だん,つうじょう,シューズ
ほしのゆうびんやさん,おねがい1だん,つうじょう,アクセ
ほしのゆうびんやさん,おねがい1だん,つうじょう,ワンピース
ほしのゆうびんやさん,おねがい1だん,つうじょう,シューズ
ポップンマシュマロ,おねがい1だん,つうじょう,アクセ
ポップンマシュマロ,おねがい1だん,つうじょう,ワンピース
ポップンマシュマロ,おねがい1だん,つうじょう,シューズ
すきすきハートバズリウム ピュアピンク,おねがい1だん,つうじょう,アクセ
すきすきハートバズリウム ピュアピンク,おねがい1だん,つうじょう,ワンピース
すきすきハートバズリウム ピュアピンク,おねがい1だん,つうじょう,シューズ
アイプリすきすき,おねがい1だん,つうじょう,アクセ
アイプリすきすき,おねがい1だん,つうじょう,ワンピース
アイプリすきすき,おねがい1だん,つうじょう,シューズ
アイプリゆめゆめ,おねがい1だん,つうじょう,アクセ
アイプリゆめゆめ,おねがい1だん,つうじょう,ワンピース
アイプリゆめゆめ,おねがい1だん,つうじょう,シューズ
アイプリゆうじょう,おねがい1だん,つうじょう,アクセ
アイプリゆうじょう,おねがい1だん,つうじょう,ワンピース
アイプリゆうじょう,おねがい1だん,つうじょう,シューズ
イースターフリル,おねがい1だん,つうじょう,アクセ
イースターフリル,おねがい1だん,つうじょう,ワンピース
イースターフリル,おねがい1だん,つうじょう,シューズ
イースターフリルピンク,おねがい1だん,つうじょう,アクセ
イースターフリルピンク,おねがい1だん,つうじょう,ワンピース
イースターフリルピンク,おねがい1だん,つうじょう,シューズ
ラフリーマーガレット,おねがい1だん,つうじょう,アクセ
ラフリーマーガレット,おねがい1だん,つうじょう,ワンピース
ラフリーマーガレット,おねがい1だん,つうじょう,シューズ
やきたてクッキー,おねがい1だん,つうじょう,アクセ
やきたてクッキー,おねがい1だん,つうじょう,ワンピース
やきたてクッキー,おねがい1だん,つうじょう,シューズ
やきたてクッキーココア,おねがい1だん,つうじょう,アクセ
やきたてクッキーココア,おねがい1だん,つうじょう,ワンピース
やきたてクッキーココア,おねがい1だん,つうじょう,シューズ
メロンソーダ,おねがい1だん,つうじょう,アクセ
メロンソーダ,おねがい1だん,つうじょう,ワンピース
メロンソーダ,おねがい1だん,つうじょう,シューズ
おねがいちゅうがくせいふく,おねがい1だん,つうじょう,ワンピース
おねがいちゅうがくせいふく,おねがい1だん,つうじょう,シューズ
ラブリーステージ,おねがい1だん,つうじょう,アクセ
ラフリーステージ,おねがい1だん,つうじょう,ワンピース
ラフリーステージ,おねがい1だん,つうじょう,シューズ
ツートンジャケットパープル,おねがい1だん,つうじょう,アクセ
ツートンジャケットパープル,おねがい1だん,つうじょう,ワンピース
ツートンジャケットパープル,おねがい1だん,つうじょう,シューズ
しなこワールド,おねがい1だん,コラボ,アクセ
しなこワールド,おねがい1だん,コラボ,ワンピース
しなこワールド,おねがい1だん,コラボ,シューズ
きんのすきすきハートバズリウム,おねがい1だん,特殊,アクセ
きんのすきすきハートバズリウム,おねがい1だん,特殊,ワンピース
きんのすきすきハートバズリウム,おねがい1だん,特殊,シューズ
レインボースカイブルー,おねがい1だん,特殊,アクセ
レインボースカイブルー,おねがい1だん,特殊,ワンピース
レインボースカイブルー,おねがい1だん,特殊,シューズ
ふわふわキャットブルー,おねがい1だん,特殊,ワンピース
ふわふわキャットブルー,おねがい1だん,特殊,ボトムス
ふわふわキャットブルー,おねがい1だん,特殊,シューズ
コスメティックレッド,おねがい1だん,特殊,アクセ
コスメティックレッド,おねがい1だん,特殊,ワンピース
コスメティックレッド,おねがい1だん,特殊,シューズ
スーパーサイリウムあろま,おねがい1だん,プリティー,アクセ
スーパーサイリウムあろま,おねがい1だん,プリティー,ワンピース
スーパーサイリウムあろま,おねがい1だん,プリティー,シューズ
スーパーサイリウムみかん,おねがい1だん,プリティー,アクセ
スーパーサイリウムみかん,おねがい1だん,プリティー,ワンピース
スーパーサイリウムみかん,おねがい1だん,プリティー,シューズ
スーパーサイリウムがァるる,おねがい1だん,プリティー,アクセ
スーパーサイリウムがァるる,おねがい1だん,プリティー,ワンピース
スーパーサイリウムがァるる,おねがい1だん,プリティー,シューズ
フレッシュピンクベアトップ,おねがい1だん,プリティー,ワンピ―ス
フレッシュピンクベアトップ,おねがい1だん,プリティー,シューズ
スターシャインベスト,おねがい1だん,プリティー,ワンピース
スターシャインベスト,おねがい1だん,プリティー,シューズ
レッドロックベアトップ,おねがい1だん,プリティー,ワンピース
レッドロックベアトップ,おねがい1だん,プリティー,シューズ
バルーンフェスピンク,おねがい1だん,特殊,アクセ
バルーンフェスピンク,おねがい1だん,特殊,ワンピース
バルーンフェスピンク,おねがい1だん,特殊,シューズ
バルーンフェスブルー,おねがい1だん,特殊,アクセ
バルーンフェスブルー,おねがい1だん,特殊,ワンピース
バルーンフェスブルー,おねがい1だん,特殊,シューズ
バルーンフェスグリーン,おねがい1だん,特殊,アクセ
バルーンフェスグリーン,おねがい1だん,特殊,ワンピース
バルーンフェスグリーン,おねがい1だん,特殊,シューズ
マジカルミラクル,おねがい1だん,フルコーデ,フルコーデ
トキメキトゥインクルイエロー,おねがい1だん,フルコーデ,フルコーデ
ゆうじょうさくらツイン すきすきピンク,おねがい1だん,フルコーデ,フルコーデ
ゆうじょうさくらツイン ゆめゆめブルー,おねがい1だん,フルコーデ,フルコーデ
リボンアイドルグリーン,おねがい1だん,フルコーデ,フルコーデ
フルーツパフェチョコベリー,おねがい1だん,フルコーデ,フルコーデ
マジカルミラクルパープル,おねがい1だん,フルコーデ,フルコーデ
ほしのゆうびんやさんめかわ,おねがい1だん,フルコーデ,フルコーデ
スペースダイナーオレンジ,おねがい1だん,フルコーデ,フルコーデ
ポップンマシュマログリーン,おねがい1だん,フルコーデ,フルコーデ
チェックメイトブルー,おねがい1だん,フルコーデ,フルコーデ
ハッピーデニムイエロー,おねがい1だん,フルコーデ,フルコーデ
ゆめゆめスターバズリウム ピュアブルー,おねがい1だん,フルコーデ,フルコーデ